Date,Time,Device Name,Device Type,Property,Value
11-May-2023,15:29,Fechadura,SMARTLOCK,Lock State,LOCKED
11-May-2023,15:50,Fechadura,SMARTLOCK,Lock State,UNLOCKED
11-May-2023,15:51,Fechadura,SMARTLOCK,Lock State,LOCKED
11-May-2023,15:51,Fechadura,SMARTLOCK,Lock State,UNLOCKED
11-May-2023,15:56,Fechadura,SMARTLOCK,Lock State,LOCKED
11-May-2023,15:56,Fechadura,SMARTLOCK,Lock State,UNLOCKED
11-May-2023,15:57,Fechadura,SMARTLOCK,Lock State,LOCKED
11-May-2023,15:57,Fechadura,SMARTLOCK,Lock State,UNLOCKED
11-May-2023,16:00,Fechadura,SMARTLOCK,Lock State,LOCKED
11-May-2023,16:01,Fechadura,SMARTLOCK,Lock State,UNLOCKED
11-May-2023,16:01,Fechadura,SMARTLOCK,Lock State,LOCKED
12-May-2023,09:34,Fechadura,SMARTLOCK,Lock State,UNLOCKED
12-May-2023,09:34,Fechadura,SMARTLOCK,Lock State,LOCKED
12-May-2023,09:34,Fechadura,SMARTLOCK,Lock State,UNLOCKED
12-May-2023,09:34,Fechadura,SMARTLOCK,Lock State,LOCKED
12-May-2023,09:35,Fechadura,SMARTLOCK,Lock State,UNLOCKED
12-May-2023,09:35,Fechadura,SMARTLOCK,Lock State,LOCKED
12-May-2023,09:37,Fechadura,SMARTLOCK,Lock State,UNLOCKED
12-May-2023,09:38,Fechadura,SMARTLOCK,Lock State,LOCKED
12-May-2023,10:38,Fechadura,SMARTLOCK,Lock State,UNLOCKED
12-May-2023,10:38,Fechadura,SMARTLOCK,Lock State,LOCKED
12-May-2023,10:40,Fechadura,SMARTLOCK,Lock State,UNLOCKED
12-May-2023,10:40,Fechadura,SMARTLOCK,Lock State,LOCKED
12-May-2023,11:50,Fechadura,SMARTLOCK,Lock State,UNLOCKED
12-May-2023,11:51,Fechadura,SMARTLOCK,Lock State,LOCKED
12-May-2023,11:52,Fechadura,SMARTLOCK,Lock State,UNLOCKED
12-May-2023,11:52,Fechadura,SMARTLOCK,Lock State,LOCKED
12-May-2023,12:56,Fechadura,SMARTLOCK,Lock State,UNLOCKED
12-May-2023,12:56,Fechadura,SMARTLOCK,Lock State,LOCKED
12-May-2023,12:56,Fechadura,SMARTLOCK,Lock State,UNLOCKED
12-May-2023,12:56,Fechadura,SMARTLOCK,Lock State,LOCKED
12-May-2023,13:06,Fechadura,SMARTLOCK,Lock State,UNLOCKED
12-May-2023,13:06,Fechadura,SMARTLOCK,Lock State,LOCKED
12-May-2023,13:11,Fechadura,SMARTLOCK,Lock State,UNLOCKED
12-May-2023,13:11,Fechadura,SMARTLOCK,Lock State,LOCKED
12-May-2023,13:11,Fechadura,SMARTLOCK,Lock State,UNLOCKED
12-May-2023,13:12,Fechadura,SMARTLOCK,Lock State,LOCKED
12-May-2023,13:12,Fechadura,SMARTLOCK,Lock State,UNLOCKED
12-May-2023,13:12,Fechadura,SMARTLOCK,Lock State,LOCKED
12-May-2023,13:12,Fechadura,SMARTLOCK,Lock State,UNLOCKED
12-May-2023,13:13,Fechadura,SMARTLOCK,Lock State,LOCKED
12-May-2023,13:13,Fechadura,SMARTLOCK,Lock State,UNLOCKED
12-May-2023,13:13,Fechadura,SMARTLOCK,Lock State,LOCKED
12-May-2023,13:13,Fechadura,SMARTLOCK,Lock State,UNLOCKED
12-May-2023,13:14,Fechadura,SMARTLOCK,Endpoint Health,OK
12-May-2023,13:19,Fechadura,SMARTLOCK,Lock State,LOCKED
12-May-2023,13:22,Fechadura,SMARTLOCK,Lock State,UNLOCKED
12-May-2023,13:22,Fechadura,SMARTLOCK,Lock State,LOCKED
12-May-2023,14:35,Fechadura,SMARTLOCK,Lock State,LOCKED
12-May-2023,14:35,Fechadura,SMARTLOCK,Lock State,UNLOCKED
12-May-2023,14:35,Fechadura,SMARTLOCK,Lock State,LOCKED
12-May-2023,14:39,Fechadura,SMARTLOCK,Lock State,UNLOCKED
12-May-2023,14:39,Fechadura,SMARTLOCK,Lock State,LOCKED
12-May-2023,15:29,Fechadura,SMARTLOCK,Lock State,LOCKED
12-May-2023,15:30,Fechadura,SMARTLOCK,Lock State,UNLOCKED
12-May-2023,15:30,Fechadura,SMARTLOCK,Lock State,LOCKED
12-May-2023,15:31,Fechadura,SMARTLOCK,Lock State,UNLOCKED
12-May-2023,15:31,Fechadura,SMARTLOCK,Lock State,LOCKED
12-May-2023,15:35,Fechadura,SMARTLOCK,Lock State,UNLOCKED
12-May-2023,15:35,Fechadura,SMARTLOCK,Lock State,LOCKED
12-May-2023,15:38,Fechadura,SMARTLOCK,Lock State,UNLOCKED
12-May-2023,15:38,Fechadura,SMARTLOCK,Lock State,LOCKED
12-May-2023,15:59,Fechadura,SMARTLOCK,Lock State,UNLOCKED
12-May-2023,15:59,Fechadura,SMARTLOCK,Lock State,LOCKED
12-May-2023,16:02,Fechadura,SMARTLOCK,Lock State,UNLOCKED
12-May-2023,16:02,Fechadura,SMARTLOCK,Lock State,LOCKED
12-May-2023,17:01,Fechadura,SMARTLOCK,Lock State,LOCKED
12-May-2023,17:01,Fechadura,SMARTLOCK,Lock State,UNLOCKED
12-May-2023,17:01,Fechadura,SMARTLOCK,Lock State,LOCKED
15-May-2023,12:51,Fechadura,SMARTLOCK,Lock State,UNLOCKED
15-May-2023,13:09,Fechadura,SMARTLOCK,Lock State,LOCKED
15-May-2023,13:16,Fechadura,SMARTLOCK,Lock State,UNLOCKED
15-May-2023,13:16,Fechadura,SMARTLOCK,Lock State,LOCKED
15-May-2023,13:20,Fechadura,SMARTLOCK,Lock State,UNLOCKED
15-May-2023,13:20,Fechadura,SMARTLOCK,Lock State,LOCKED
15-May-2023,13:21,Fechadura,SMARTLOCK,Lock State,UNLOCKED
15-May-2023,13:21,Fechadura,SMARTLOCK,Lock State,LOCKED
15-May-2023,13:57,Fechadura,SMARTLOCK,Lock State,LOCKED
15-May-2023,13:57,Fechadura,SMARTLOCK,Lock State,UNLOCKED
15-May-2023,13:57,Fechadura,SMARTLOCK,Lock State,LOCKED
15-May-2023,14:00,Fechadura,SMARTLOCK,Lock State,UNLOCKED
15-May-2023,14:01,Fechadura,SMARTLOCK,Lock State,LOCKED
15-May-2023,14:01,Fechadura,SMARTLOCK,Lock State,UNLOCKED
15-May-2023,14:35,Fechadura,SMARTLOCK,Lock State,LOCKED
15-May-2023,14:35,Fechadura,SMARTLOCK,Lock State,UNLOCKED
15-May-2023,14:35,Fechadura,SMARTLOCK,Lock State,LOCKED
15-May-2023,14:38,Fechadura,SMARTLOCK,Lock State,UNLOCKED
15-May-2023,14:38,Fechadura,SMARTLOCK,Lock State,LOCKED
15-May-2023,14:42,Fechadura,SMARTLOCK,Lock State,UNLOCKED
15-May-2023,14:42,Fechadura,SMARTLOCK,Lock State,LOCKED
15-May-2023,14:45,Fechadura,SMARTLOCK,Lock State,UNLOCKED
15-May-2023,14:45,Fechadura,SMARTLOCK,Lock State,LOCKED
15-May-2023,14:56,Fechadura,SMARTLOCK,Lock State,UNLOCKED
15-May-2023,14:56,Fechadura,SMARTLOCK,Lock State,LOCKED
15-May-2023,15:05,Fechadura,SMARTLOCK,Lock State,UNLOCKED
15-May-2023,15:05,Fechadura,SMARTLOCK,Lock State,LOCKED
15-May-2023,15:32,Fechadura,SMARTLOCK,Lock State,UNLOCKED
15-May-2023,15:32,Fechadura,SMARTLOCK,Lock State,LOCKED
15-May-2023,15:45,Fechadura,SMARTLOCK,Lock State,UNLOCKED
15-May-2023,15:45,Fechadura,SMARTLOCK,Lock State,LOCKED
15-May-2023,15:59,Fechadura,SMARTLOCK,Lock State,UNLOCKED
15-May-2023,16:04,Fechadura,SMARTLOCK,Lock State,LOCKED
15-May-2023,16:07,Fechadura,SMARTLOCK,Lock State,UNLOCKED
15-May-2023,16:07,Fechadura,SMARTLOCK,Lock State,LOCKED
15-May-2023,16:07,Fechadura,SMARTLOCK,Lock State,UNLOCKED
15-May-2023,16:07,Fechadura,SMARTLOCK,Lock State,LOCKED
15-May-2023,16:30,Fechadura,SMARTLOCK,Lock State,UNLOCKED
15-May-2023,17:18,Fechadura,SMARTLOCK,Lock State,LOCKED
15-May-2023,17:59,Fechadura,SMARTLOCK,Lock State,LOCKED
15-May-2023,17:59,Fechadura,SMARTLOCK,Lock State,UNLOCKED
15-May-2023,17:59,Fechadura,SMARTLOCK,Lock State,LOCKED
16-May-2023,10:26,Fechadura,SMARTLOCK,Lock State,UNLOCKED
16-May-2023,10:27,Fechadura,SMARTLOCK,Lock State,LOCKED
16-May-2023,10:27,Fechadura,SMARTLOCK,Lock State,UNLOCKED
16-May-2023,10:30,Fechadura,SMARTLOCK,Lock State,LOCKED
16-May-2023,11:20,Fechadura,SMARTLOCK,Lock State,LOCKED
16-May-2023,11:45,Fechadura,SMARTLOCK,Lock State,UNLOCKED
16-May-2023,11:45,Fechadura,SMARTLOCK,Lock State,LOCKED
16-May-2023,11:45,Fechadura,SMARTLOCK,Lock State,UNLOCKED
16-May-2023,11:45,Fechadura,SMARTLOCK,Lock State,LOCKED
16-May-2023,15:38,Fechadura,SMARTLOCK,Lock State,UNLOCKED
16-May-2023,15:38,Fechadura,SMARTLOCK,Lock State,LOCKED
16-May-2023,17:32,Fechadura,SMARTLOCK,Lock State,UNLOCKED
16-May-2023,17:33,Fechadura,SMARTLOCK,Lock State,LOCKED
17-May-2023,12:58,Fechadura,SMARTLOCK,Lock State,UNLOCKED
17-May-2023,12:58,Fechadura,SMARTLOCK,Lock State,LOCKED
17-May-2023,15:20,Fechadura,SMARTLOCK,Lock State,UNLOCKED
17-May-2023,15:28,Fechadura,SMARTLOCK,Lock State,LOCKED
17-May-2023,15:30,Fechadura,SMARTLOCK,Lock State,UNLOCKED
17-May-2023,15:31,Fechadura,SMARTLOCK,Lock State,LOCKED
17-May-2023,16:42,Fechadura,SMARTLOCK,Lock State,UNLOCKED
17-May-2023,16:44,Fechadura,SMARTLOCK,Lock State,LOCKED
17-May-2023,17:19,Fechadura,SMARTLOCK,Lock State,UNLOCKED
17-May-2023,17:19,Fechadura,SMARTLOCK,Lock State,LOCKED
18-May-2023,09:34,Fechadura,SMARTLOCK,Lock State,UNLOCKED
18-May-2023,09:35,Fechadura,SMARTLOCK,Lock State,LOCKED
18-May-2023,09:36,Fechadura,SMARTLOCK,Lock State,UNLOCKED
18-May-2023,09:36,Fechadura,SMARTLOCK,Lock State,LOCKED
18-May-2023,09:37,Fechadura,SMARTLOCK,Lock State,UNLOCKED
18-May-2023,09:38,Fechadura,SMARTLOCK,Lock State,LOCKED
18-May-2023,09:43,Fechadura,SMARTLOCK,Lock State,UNLOCKED
18-May-2023,09:43,Fechadura,SMARTLOCK,Lock State,LOCKED
18-May-2023,09:43,Fechadura,SMARTLOCK,Lock State,UNLOCKED
18-May-2023,09:44,Fechadura,SMARTLOCK,Lock State,LOCKED
18-May-2023,09:45,Fechadura,SMARTLOCK,Lock State,UNLOCKED
18-May-2023,09:45,Fechadura,SMARTLOCK,Lock State,LOCKED
18-May-2023,09:50,Fechadura,SMARTLOCK,Lock State,UNLOCKED
18-May-2023,09:52,Fechadura,SMARTLOCK,Lock State,LOCKED
18-May-2023,10:01,Fechadura,SMARTLOCK,Lock State,UNLOCKED
18-May-2023,12:25,Fechadura,SMARTLOCK,Lock State,LOCKED
18-May-2023,13:09,Fechadura,SMARTLOCK,Lock State,UNLOCKED
18-May-2023,13:20,Fechadura,SMARTLOCK,Lock State,LOCKED
18-May-2023,13:36,Fechadura,SMARTLOCK,Lock State,UNLOCKED
18-May-2023,13:36,Fechadura,SMARTLOCK,Lock State,LOCKED
18-May-2023,13:36,Fechadura,SMARTLOCK,Lock State,UNLOCKED
18-May-2023,13:36,Fechadura,SMARTLOCK,Lock State,LOCKED
18-May-2023,13:37,Fechadura,SMARTLOCK,Lock State,UNLOCKED
18-May-2023,13:40,Fechadura,SMARTLOCK,Lock State,LOCKED
18-May-2023,13:41,Fechadura,SMARTLOCK,Lock State,UNLOCKED
18-May-2023,13:41,Fechadura,SMARTLOCK,Lock State,LOCKED
18-May-2023,13:43,Fechadura,SMARTLOCK,Lock State,UNLOCKED
18-May-2023,13:43,Fechadura,SMARTLOCK,Lock State,LOCKED
18-May-2023,13:45,Fechadura,SMARTLOCK,Lock State,UNLOCKED
18-May-2023,13:45,Fechadura,SMARTLOCK,Lock State,LOCKED
18-May-2023,14:46,Fechadura,SMARTLOCK,Lock State,LOCKED
18-May-2023,14:51,Fechadura,SMARTLOCK,Lock State,UNLOCKED
18-May-2023,14:51,Fechadura,SMARTLOCK,Lock State,LOCKED
18-May-2023,17:56,Fechadura,SMARTLOCK,Endpoint Health,UNREACHABLE
22-May-2023,15:44,Fechadura,SMARTLOCK,Endpoint Health,OK
22-May-2023,15:44,Fechadura,SMARTLOCK,Lock State,LOCKED
22-May-2023,16:30,Fechadura,SMARTLOCK,Lock State,UNLOCKED
22-May-2023,16:35,Fechadura,SMARTLOCK,Lock State,LOCKED
22-May-2023,17:01,Fechadura,SMARTLOCK,Lock State,UNLOCKED
22-May-2023,17:03,Fechadura,SMARTLOCK,Lock State,LOCKED
22-May-2023,17:09,Fechadura,SMARTLOCK,Endpoint Health,UNREACHABLE
22-May-2023,22:49,Fechadura,SMARTLOCK,Endpoint Health,OK
22-May-2023,22:49,Fechadura,SMARTLOCK,Lock State,LOCKED
23-May-2023,14:30,Fechadura,SMARTLOCK,Lock State,UNLOCKED
23-May-2023,14:30,Fechadura,SMARTLOCK,Lock State,LOCKED
23-May-2023,14:30,Fechadura,SMARTLOCK,Lock State,UNLOCKED
23-May-2023,14:30,Fechadura,SMARTLOCK,Lock State,LOCKED
23-May-2023,14:52,Fechadura,SMARTLOCK,Lock State,UNLOCKED
23-May-2023,14:54,Fechadura,SMARTLOCK,Lock State,LOCKED
23-May-2023,14:55,Fechadura,SMARTLOCK,Lock State,UNLOCKED
23-May-2023,14:55,Fechadura,SMARTLOCK,Lock State,LOCKED
23-May-2023,15:49,Fechadura,SMARTLOCK,Endpoint Health,OK
23-May-2023,15:55,Fechadura,SMARTLOCK,Endpoint Health,OK
23-May-2023,15:58,Fechadura,SMARTLOCK,Lock State,UNLOCKED
23-May-2023,16:03,Fechadura,SMARTLOCK,Lock State,UNLOCKED
23-May-2023,16:03,Fechadura,SMARTLOCK,Lock State,LOCKED
23-May-2023,16:13,Fechadura,SMARTLOCK,Lock State,UNLOCKED
23-May-2023,16:47,Fechadura,SMARTLOCK,Endpoint Health,OK
23-May-2023,16:51,Fechadura,SMARTLOCK,Endpoint Health,OK
23-May-2023,17:08,Fechadura,SMARTLOCK,Lock State,LOCKED
23-May-2023,17:51,Fechadura,SMARTLOCK,Lock State,UNLOCKED
23-May-2023,17:54,Fechadura,SMARTLOCK,Endpoint Health,OK
23-May-2023,17:57,Fechadura,SMARTLOCK,Lock State,LOCKED
23-May-2023,21:19,Fechadura,SMARTLOCK,Lock State,LOCKED
24-May-2023,14:23,Fechadura,SMARTLOCK,Lock State,LOCKED
24-May-2023,14:54,Fechadura,SMARTLOCK,Lock State,LOCKED
24-May-2023,14:57,Motion Sensor,MOTION_SENSOR,Endpoint Health,OK
24-May-2023,14:59,Fechadura,SMARTLOCK,Lock State,LOCKED
24-May-2023,15:16,Fechadura,SMARTLOCK,Lock State,UNLOCKED
24-May-2023,15:16,Fechadura,SMARTLOCK,Lock State,LOCKED
24-May-2023,15:28,Fechadura,SMARTLOCK,Lock State,UNLOCKED
24-May-2023,15:29,Fechadura,SMARTLOCK,Lock State,LOCKED
24-May-2023,15:29,Fechadura,SMARTLOCK,Lock State,UNLOCKED
24-May-2023,15:30,Fechadura,SMARTLOCK,Lock State,UNLOCKED
24-May-2023,15:31,Fechadura,SMARTLOCK,Lock State,LOCKED
24-May-2023,15:36,Fechadura,SMARTLOCK,Lock State,LOCKED
24-May-2023,15:48,Fechadura,SMARTLOCK,Lock State,UNLOCKED
24-May-2023,02:00 PM - 04:00 PM,Motion Sensor,MOTION_SENSOR,Motion Detection,12
24-May-2023,15:50,Fechadura,SMARTLOCK,Lock State,UNLOCKED
24-May-2023,16:04,Fechadura,SMARTLOCK,Lock State,LOCKED
24-May-2023,16:10,Fechadura,SMARTLOCK,Lock State,UNLOCKED
24-May-2023,16:15,Fechadura,SMARTLOCK,Lock State,LOCKED
24-May-2023,16:17,Fechadura,SMARTLOCK,Lock State,LOCKED
24-May-2023,16:17,Fechadura,SMARTLOCK,Lock State,UNLOCKED
24-May-2023,16:18,Fechadura,SMARTLOCK,Lock State,LOCKED
24-May-2023,16:18,Fechadura,SMARTLOCK,Lock State,UNLOCKED
24-May-2023,16:18,Fechadura,SMARTLOCK,Lock State,LOCKED
24-May-2023,04:00 PM - 06:00 PM,Motion Sensor,MOTION_SENSOR,Motion Detection,7
24-May-2023,16:44,Fechadura,SMARTLOCK,Lock State,LOCKED
24-May-2023,16:46,Motion Sensor,MOTION_SENSOR,Endpoint Health,UNREACHABLE
24-May-2023,16:47,Motion Sensor,MOTION_SENSOR,Endpoint Health,OK
24-May-2023,16:52,Fechadura,SMARTLOCK,Lock State,UNLOCKED
24-May-2023,16:53,Motion Sensor,MOTION_SENSOR,Endpoint Health,UNREACHABLE
25-May-2023,14:16,Fechadura,SMARTLOCK,Lock State,UNLOCKED
25-May-2023,14:16,Fechadura,SMARTLOCK,Lock State,LOCKED
25-May-2023,14:42,Fechadura,SMARTLOCK,Lock State,LOCKED
25-May-2023,14:55,Fechadura,SMARTLOCK,Lock State,UNLOCKED
25-May-2023,15:02,Fechadura,SMARTLOCK,Lock State,UNLOCKED
25-May-2023,15:05,Fechadura,SMARTLOCK,Lock State,LOCKED
25-May-2023,15:44,Fechadura,SMARTLOCK,Lock State,LOCKED
25-May-2023,15:46,Fechadura,SMARTLOCK,Lock State,UNLOCKED
25-May-2023,15:52,Fechadura,SMARTLOCK,Lock State,LOCKED
25-May-2023,15:52,Fechadura,SMARTLOCK,Lock State,UNLOCKED
25-May-2023,15:54,Fechadura,SMARTLOCK,Lock State,LOCKED
25-May-2023,16:03,Fechadura,SMARTLOCK,Lock State,UNLOCKED
25-May-2023,16:03,Fechadura,SMARTLOCK,Lock State,LOCKED
25-May-2023,16:31,Fechadura,SMARTLOCK,Lock State,LOCKED
25-May-2023,17:35,Fechadura,SMARTLOCK,Lock State,UNLOCKED
25-May-2023,17:36,Fechadura,SMARTLOCK,Lock State,LOCKED
25-May-2023,17:39,Fechadura,SMARTLOCK,Lock State,UNLOCKED
25-May-2023,17:59,Fechadura,SMARTLOCK,Lock State,LOCKED
25-May-2023,18:50,Fechadura,SMARTLOCK,Lock State,UNLOCKED
25-May-2023,18:50,Fechadura,SMARTLOCK,Lock State,LOCKED
29-May-2023,13:05,Fechadura,SMARTLOCK,Lock State,LOCKED
29-May-2023,13:43,Fechadura,SMARTLOCK,Lock State,UNLOCKED
29-May-2023,13:43,Fechadura,SMARTLOCK,Lock State,LOCKED
29-May-2023,13:43,Fechadura,SMARTLOCK,Lock State,UNLOCKED
29-May-2023,13:43,Fechadura,SMARTLOCK,Lock State,LOCKED
29-May-2023,13:55,Fechadura,SMARTLOCK,Lock State,UNLOCKED
29-May-2023,13:55,Fechadura,SMARTLOCK,Lock State,LOCKED
29-May-2023,13:55,Fechadura,SMARTLOCK,Lock State,UNLOCKED
29-May-2023,13:55,Fechadura,SMARTLOCK,Lock State,LOCKED
29-May-2023,13:58,Fechadura,SMARTLOCK,Lock State,UNLOCKED
29-May-2023,13:58,Fechadura,SMARTLOCK,Lock State,LOCKED
29-May-2023,13:58,Fechadura,SMARTLOCK,Lock State,UNLOCKED
29-May-2023,13:58,Fechadura,SMARTLOCK,Lock State,LOCKED
29-May-2023,13:58,Fechadura,SMARTLOCK,Lock State,UNLOCKED
29-May-2023,13:58,Fechadura,SMARTLOCK,Lock State,LOCKED
29-May-2023,14:01,Motion Sensor,MOTION_SENSOR,Endpoint Health,OK
29-May-2023,14:04,Fechadura,SMARTLOCK,Lock State,LOCKED
29-May-2023,14:32,Fechadura,SMARTLOCK,Lock State,LOCKED
29-May-2023,14:32,Fechadura,SMARTLOCK,Lock State,UNLOCKED
29-May-2023,14:33,Fechadura,SMARTLOCK,Lock State,UNLOCKED
29-May-2023,14:33,Fechadura,SMARTLOCK,Lock State,LOCKED
29-May-2023,14:33,Fechadura,SMARTLOCK,Lock State,UNLOCKED
29-May-2023,14:33,Fechadura,SMARTLOCK,Lock State,LOCKED
29-May-2023,14:34,Fechadura,SMARTLOCK,Lock State,LOCKED
29-May-2023,14:34,Fechadura,SMARTLOCK,Lock State,UNLOCKED
29-May-2023,14:35,Fechadura,SMARTLOCK,Lock State,LOCKED
29-May-2023,14:51,Fechadura,SMARTLOCK,Lock State,UNLOCKED
29-May-2023,14:54,Fechadura,SMARTLOCK,Lock State,LOCKED
29-May-2023,14:57,Fechadura,SMARTLOCK,Lock State,LOCKED
29-May-2023,15:14,Fechadura,SMARTLOCK,Lock State,UNLOCKED
29-May-2023,15:14,Fechadura,SMARTLOCK,Lock State,LOCKED
29-May-2023,15:24,Fechadura,SMARTLOCK,Lock State,UNLOCKED
29-May-2023,02:00 PM - 04:00 PM,Motion Sensor,MOTION_SENSOR,Motion Detection,13
29-May-2023,16:01,Fechadura,SMARTLOCK,Lock State,UNLOCKED
29-May-2023,16:03,Fechadura,SMARTLOCK,Lock State,LOCKED
29-May-2023,16:37,Fechadura,SMARTLOCK,Lock State,UNLOCKED
29-May-2023,04:00 PM - 06:00 PM,Motion Sensor,MOTION_SENSOR,Motion Detection,3
29-May-2023,06:00 PM - 08:00 PM,Motion Sensor,MOTION_SENSOR,Motion Detection,3
29-May-2023,18:10,Fechadura,SMARTLOCK,Lock State,UNLOCKED
29-May-2023,18:10,Fechadura,SMARTLOCK,Lock State,LOCKED
30-May-2023,10:38,Fechadura,SMARTLOCK,Lock State,UNLOCKED
30-May-2023,10:38,Fechadura,SMARTLOCK,Lock State,LOCKED
30-May-2023,11:36,Fechadura,SMARTLOCK,Lock State,UNLOCKED
30-May-2023,11:36,Fechadura,SMARTLOCK,Lock State,LOCKED
30-May-2023,11:39,Fechadura,SMARTLOCK,Lock State,UNLOCKED
30-May-2023,11:39,Fechadura,SMARTLOCK,Lock State,LOCKED
30-May-2023,10:00 AM - 12:00 PM,Motion Sensor,MOTION_SENSOR,Motion Detection,4
30-May-2023,17:06,Fechadura,SMARTLOCK,Lock State,UNLOCKED
30-May-2023,04:00 PM - 06:00 PM,Motion Sensor,MOTION_SENSOR,Motion Detection,1
30-May-2023,06:00 PM - 08:00 PM,Motion Sensor,MOTION_SENSOR,Motion Detection,1
30-May-2023,18:07,Fechadura,SMARTLOCK,Lock State,LOCKED
31-May-2023,05:53,Fechadura,SMARTLOCK,Lock State,LOCKED
31-May-2023,08:00 AM - 10:00 AM,Motion Sensor,MOTION_SENSOR,Motion Detection,1
31-May-2023,10:04,Fechadura,SMARTLOCK,Lock State,UNLOCKED
31-May-2023,10:00 AM - 12:00 PM,Motion Sensor,MOTION_SENSOR,Motion Detection,2
31-May-2023,10:13,Fechadura,SMARTLOCK,Lock State,LOCKED
31-May-2023,12:14,Fechadura,SMARTLOCK,Lock State,UNLOCKED
31-May-2023,12:14,Fechadura,SMARTLOCK,Lock State,LOCKED
31-May-2023,13:30,Fechadura,SMARTLOCK,Lock State,UNLOCKED
31-May-2023,13:30,Fechadura,SMARTLOCK,Lock State,LOCKED
31-May-2023,13:31,Fechadura,SMARTLOCK,Lock State,UNLOCKED
31-May-2023,13:32,Fechadura,SMARTLOCK,Lock State,LOCKED
31-May-2023,13:34,Fechadura,SMARTLOCK,Lock State,UNLOCKED
31-May-2023,12:00 PM - 02:00 PM,Motion Sensor,MOTION_SENSOR,Motion Detection,4
31-May-2023,14:01,Fechadura,SMARTLOCK,Lock State,UNLOCKED
31-May-2023,02:00 PM - 04:00 PM,Motion Sensor,MOTION_SENSOR,Motion Detection,1
31-May-2023,14:01,Fechadura,SMARTLOCK,Lock State,LOCKED
31-May-2023,16:09,Fechadura,SMARTLOCK,Lock State,LOCKED
31-May-2023,16:14,Fechadura,SMARTLOCK,Lock State,UNLOCKED
31-May-2023,16:14,Fechadura,SMARTLOCK,Lock State,LOCKED
31-May-2023,16:14,Fechadura,SMARTLOCK,Lock State,UNLOCKED
31-May-2023,16:15,Fechadura,SMARTLOCK,Lock State,LOCKED
31-May-2023,16:36,Fechadura,SMARTLOCK,Lock State,UNLOCKED
31-May-2023,16:37,Fechadura,SMARTLOCK,Lock State,LOCKED
31-May-2023,16:37,Fechadura,SMARTLOCK,Lock State,UNLOCKED
31-May-2023,17:36,Fechadura,SMARTLOCK,Lock State,LOCKED
31-May-2023,17:41,Fechadura,SMARTLOCK,Lock State,LOCKED
31-May-2023,04:00 PM - 06:00 PM,Motion Sensor,MOTION_SENSOR,Motion Detection,7
31-May-2023,17:48,Fechadura,SMARTLOCK,Lock State,UNLOCKED
31-May-2023,17:48,Fechadura,SMARTLOCK,Lock State,LOCKED
01-jun.-2023,00:15,Fechadura,SMARTLOCK,Lock State,LOCKED
01-jun.-2023,03:08,Fechadura,SMARTLOCK,Lock State,LOCKED
01-jun.-2023,03:54,Fechadura,SMARTLOCK,Lock State,LOCKED
01-jun.-2023,05:34,Fechadura,SMARTLOCK,Lock State,LOCKED
01-jun.-2023,08:00 AM - 10:00 AM,Motion Sensor,MOTION_SENSOR,Motion Detection,1
01-jun.-2023,10:20,Fechadura,SMARTLOCK,Lock State,UNLOCKED
01-jun.-2023,10:20,Fechadura,SMARTLOCK,Lock State,LOCKED
01-jun.-2023,10:25,Fechadura,SMARTLOCK,Lock State,UNLOCKED
01-jun.-2023,10:36,Fechadura,SMARTLOCK,Lock State,UNLOCKED
01-jun.-2023,10:36,Fechadura,SMARTLOCK,Lock State,LOCKED
01-jun.-2023,10:47,Fechadura,SMARTLOCK,Lock State,UNLOCKED
01-jun.-2023,10:47,Fechadura,SMARTLOCK,Lock State,LOCKED
01-jun.-2023,10:55,Fechadura,SMARTLOCK,Lock State,UNLOCKED
01-jun.-2023,10:58,Fechadura,SMARTLOCK,Lock State,UNLOCKED
01-jun.-2023,10:58,Fechadura,SMARTLOCK,Lock State,LOCKED
01-jun.-2023,10:59,Fechadura,SMARTLOCK,Lock State,LOCKED
01-jun.-2023,10:59,Fechadura,SMARTLOCK,Lock State,UNLOCKED
01-jun.-2023,11:00,Fechadura,SMARTLOCK,Lock State,LOCKED
01-jun.-2023,11:01,Fechadura,SMARTLOCK,Lock State,UNLOCKED
01-jun.-2023,11:01,Fechadura,SMARTLOCK,Lock State,LOCKED
01-jun.-2023,11:27,Fechadura,SMARTLOCK,Lock State,LOCKED
01-jun.-2023,11:28,Fechadura,SMARTLOCK,Lock State,UNLOCKED
01-jun.-2023,11:30,Fechadura,SMARTLOCK,Lock State,UNLOCKED
01-jun.-2023,11:31,Fechadura,SMARTLOCK,Lock State,LOCKED
01-jun.-2023,11:46,Fechadura,SMARTLOCK,Lock State,UNLOCKED
01-jun.-2023,10:00 AM - 12:00 PM,Motion Sensor,MOTION_SENSOR,Motion Detection,16
01-jun.-2023,11:56,Fechadura,SMARTLOCK,Lock State,LOCKED
01-jun.-2023,11:56,Fechadura,SMARTLOCK,Lock State,UNLOCKED
01-jun.-2023,11:57,Fechadura,SMARTLOCK,Lock State,LOCKED
01-jun.-2023,12:02,Fechadura,SMARTLOCK,Lock State,UNLOCKED
01-jun.-2023,12:02,Fechadura,SMARTLOCK,Lock State,LOCKED
01-jun.-2023,12:17,Fechadura,SMARTLOCK,Lock State,UNLOCKED
01-jun.-2023,12:17,Fechadura,SMARTLOCK,Lock State,LOCKED
01-jun.-2023,12:18,Fechadura,SMARTLOCK,Lock State,UNLOCKED
01-jun.-2023,13:11,Fechadura,SMARTLOCK,Lock State,UNLOCKED
01-jun.-2023,13:11,Fechadura,SMARTLOCK,Lock State,LOCKED
01-jun.-2023,13:16,Fechadura,SMARTLOCK,Lock State,UNLOCKED
01-jun.-2023,13:17,Fechadura,SMARTLOCK,Lock State,UNLOCKED
01-jun.-2023,13:18,Fechadura,SMARTLOCK,Lock State,UNLOCKED
01-jun.-2023,13:18,Fechadura,SMARTLOCK,Lock State,LOCKED
01-jun.-2023,13:24,Fechadura,SMARTLOCK,Lock State,UNLOCKED
01-jun.-2023,12:00 PM - 02:00 PM,Motion Sensor,MOTION_SENSOR,Motion Detection,8
01-jun.-2023,14:02,Fechadura,SMARTLOCK,Lock State,LOCKED
01-jun.-2023,14:36,Fechadura,SMARTLOCK,Lock State,LOCKED
01-jun.-2023,14:46,Fechadura,SMARTLOCK,Lock State,UNLOCKED
01-jun.-2023,02:00 PM - 04:00 PM,Motion Sensor,MOTION_SENSOR,Motion Detection,4
01-jun.-2023,15:33,Fechadura,SMARTLOCK,Lock State,LOCKED
01-jun.-2023,17:23,Fechadura,SMARTLOCK,Lock State,UNLOCKED
01-jun.-2023,17:23,Fechadura,SMARTLOCK,Lock State,LOCKED
01-jun.-2023,17:26,Fechadura,SMARTLOCK,Lock State,UNLOCKED
01-jun.-2023,04:00 PM - 06:00 PM,Motion Sensor,MOTION_SENSOR,Motion Detection,3
01-jun.-2023,17:59,Fechadura,SMARTLOCK,Lock State,UNLOCKED
01-jun.-2023,17:59,Fechadura,SMARTLOCK,Lock State,LOCKED
01-jun.-2023,22:31,Fechadura,SMARTLOCK,Lock State,LOCKED
01-jun.-2023,23:53,Fechadura,SMARTLOCK,Lock State,LOCKED
02-jun.-2023,00:38,Fechadura,SMARTLOCK,Lock State,LOCKED
02-jun.-2023,02:39,Fechadura,SMARTLOCK,Lock State,LOCKED
02-jun.-2023,03:57,Fechadura,SMARTLOCK,Lock State,LOCKED
02-jun.-2023,05:00,Fechadura,SMARTLOCK,Lock State,LOCKED
02-jun.-2023,05:41,Motion Sensor,MOTION_SENSOR,Endpoint Health,UNREACHABLE
02-jun.-2023,05:42,Motion Sensor,MOTION_SENSOR,Endpoint Health,OK
02-jun.-2023,06:20,Fechadura,SMARTLOCK,Lock State,LOCKED
02-jun.-2023,09:30,Fechadura,SMARTLOCK,Lock State,LOCKED
02-jun.-2023,13:15,Fechadura,SMARTLOCK,Lock State,LOCKED
03-jun.-2023,00:24,Fechadura,SMARTLOCK,Lock State,LOCKED
03-jun.-2023,01:29,Fechadura,SMARTLOCK,Lock State,LOCKED
03-jun.-2023,03:24,Fechadura,SMARTLOCK,Lock State,LOCKED
03-jun.-2023,08:30,Fechadura,SMARTLOCK,Lock State,LOCKED
03-jun.-2023,16:45,Fechadura,SMARTLOCK,Lock State,LOCKED
03-jun.-2023,18:02,Fechadura,SMARTLOCK,Lock State,LOCKED
03-jun.-2023,19:30,Fechadura,SMARTLOCK,Lock State,LOCKED
03-jun.-2023,22:31,Fechadura,SMARTLOCK,Lock State,LOCKED
03-jun.-2023,23:16,Fechadura,SMARTLOCK,Lock State,LOCKED
04-jun.-2023,00:27,Fechadura,SMARTLOCK,Lock State,LOCKED
04-jun.-2023,01:31,Fechadura,SMARTLOCK,Lock State,LOCKED
04-jun.-2023,02:54,Fechadura,SMARTLOCK,Lock State,LOCKED
04-jun.-2023,04:20,Fechadura,SMARTLOCK,Lock State,LOCKED
04-jun.-2023,05:20,Fechadura,SMARTLOCK,Lock State,LOCKED
04-jun.-2023,06:37,Fechadura,SMARTLOCK,Lock State,LOCKED
04-jun.-2023,08:50,Fechadura,SMARTLOCK,Lock State,LOCKED
04-jun.-2023,09:41,Fechadura,SMARTLOCK,Lock State,LOCKED
04-jun.-2023,12:55,Fechadura,SMARTLOCK,Lock State,LOCKED
04-jun.-2023,14:15,Fechadura,SMARTLOCK,Lock State,LOCKED
04-jun.-2023,15:30,Fechadura,SMARTLOCK,Lock State,LOCKED
04-jun.-2023,16:47,Fechadura,SMARTLOCK,Lock State,LOCKED
04-jun.-2023,18:41,Fechadura,SMARTLOCK,Lock State,LOCKED
05-jun.-2023,02:13,Fechadura,SMARTLOCK,Lock State,LOCKED
05-jun.-2023,03:39,Fechadura,SMARTLOCK,Lock State,LOCKED
05-jun.-2023,06:43,Fechadura,SMARTLOCK,Lock State,LOCKED
05-jun.-2023,08:06,Fechadura,SMARTLOCK,Lock State,LOCKED
05-jun.-2023,09:17,Fechadura,SMARTLOCK,Lock State,LOCKED
05-jun.-2023,10:00 AM - 12:00 PM,Motion Sensor,MOTION_SENSOR,Motion Detection,1
05-jun.-2023,11:42,Fechadura,SMARTLOCK,Lock State,LOCKED
05-jun.-2023,12:28,Fechadura,SMARTLOCK,Lock State,LOCKED
05-jun.-2023,12:46,Fechadura,SMARTLOCK,Lock State,UNLOCKED
05-jun.-2023,12:47,Fechadura,SMARTLOCK,Lock State,LOCKED
05-jun.-2023,13:21,Fechadura,SMARTLOCK,Lock State,UNLOCKED
05-jun.-2023,13:49,Fechadura,SMARTLOCK,Lock State,UNLOCKED
05-jun.-2023,12:00 PM - 02:00 PM,Motion Sensor,MOTION_SENSOR,Motion Detection,5
05-jun.-2023,13:52,Fechadura,SMARTLOCK,Lock State,UNLOCKED
05-jun.-2023,13:52,Fechadura,SMARTLOCK,Lock State,LOCKED
05-jun.-2023,14:08,Fechadura,SMARTLOCK,Lock State,LOCKED
05-jun.-2023,14:11,Fechadura,SMARTLOCK,Lock State,LOCKED
05-jun.-2023,14:12,Fechadura,SMARTLOCK,Lock State,UNLOCKED
05-jun.-2023,14:32,Fechadura,SMARTLOCK,Lock State,UNLOCKED
05-jun.-2023,14:32,Fechadura,SMARTLOCK,Lock State,LOCKED
05-jun.-2023,14:34,Fechadura,SMARTLOCK,Lock State,UNLOCKED
05-jun.-2023,14:35,Fechadura,SMARTLOCK,Lock State,LOCKED
05-jun.-2023,15:00,Fechadura,SMARTLOCK,Lock State,UNLOCKED
05-jun.-2023,15:00,Fechadura,SMARTLOCK,Lock State,LOCKED
05-jun.-2023,15:07,Fechadura,SMARTLOCK,Lock State,LOCKED
05-jun.-2023,15:07,Fechadura,SMARTLOCK,Lock State,UNLOCKED
05-jun.-2023,15:07,Fechadura,SMARTLOCK,Lock State,LOCKED
05-jun.-2023,15:07,Fechadura,SMARTLOCK,Lock State,UNLOCKED
05-jun.-2023,15:07,Fechadura,SMARTLOCK,Lock State,LOCKED
05-jun.-2023,15:09,Fechadura,SMARTLOCK,Lock State,UNLOCKED
05-jun.-2023,15:09,Fechadura,SMARTLOCK,Lock State,LOCKED
05-jun.-2023,15:44,Fechadura,SMARTLOCK,Lock State,UNLOCKED
05-jun.-2023,15:44,Fechadura,SMARTLOCK,Lock State,LOCKED
05-jun.-2023,15:58,Fechadura,SMARTLOCK,Lock State,UNLOCKED
05-jun.-2023,02:00 PM - 04:00 PM,Motion Sensor,MOTION_SENSOR,Motion Detection,9
05-jun.-2023,15:58,Fechadura,SMARTLOCK,Lock State,LOCKED
05-jun.-2023,16:33,Fechadura,SMARTLOCK,Lock State,UNLOCKED
05-jun.-2023,16:33,Fechadura,SMARTLOCK,Lock State,LOCKED
05-jun.-2023,16:54,Fechadura,SMARTLOCK,Lock State,LOCKED
05-jun.-2023,16:54,Fechadura,SMARTLOCK,Lock State,UNLOCKED
05-jun.-2023,16:54,Fechadura,SMARTLOCK,Lock State,LOCKED
05-jun.-2023,16:57,Fechadura,SMARTLOCK,Lock State,LOCKED
05-jun.-2023,04:00 PM - 06:00 PM,Motion Sensor,MOTION_SENSOR,Motion Detection,5
05-jun.-2023,17:59,Fechadura,SMARTLOCK,Lock State,UNLOCKED
05-jun.-2023,18:00,Fechadura,SMARTLOCK,Lock State,LOCKED
05-jun.-2023,18:02,Fechadura,SMARTLOCK,Lock State,UNLOCKED
05-jun.-2023,18:02,Fechadura,SMARTLOCK,Lock State,LOCKED
05-jun.-2023,18:03,Fechadura,SMARTLOCK,Lock State,LOCKED
05-jun.-2023,18:33,Fechadura,SMARTLOCK,Lock State,LOCKED
05-jun.-2023,18:54,Fechadura,SMARTLOCK,Lock State,UNLOCKED
05-jun.-2023,19:55,Fechadura,SMARTLOCK,Lock State,UNLOCKED
05-jun.-2023,06:00 PM - 08:00 PM,Motion Sensor,MOTION_SENSOR,Motion Detection,3
05-jun.-2023,21:37,Fechadura,SMARTLOCK,Lock State,LOCKED
05-jun.-2023,22:13,Fechadura,SMARTLOCK,Lock State,LOCKED
05-jun.-2023,10:00 PM - 12:00 AM,Motion Sensor,MOTION_SENSOR,Motion Detection,1
05-jun.-2023,22:24,Fechadura,SMARTLOCK,Lock State,UNLOCKED
05-jun.-2023,22:24,Fechadura,SMARTLOCK,Lock State,LOCKED
05-jun.-2023,22:24,Fechadura,SMARTLOCK,Lock State,UNLOCKED
05-jun.-2023,22:25,Fechadura,SMARTLOCK,Lock State,LOCKED
06-jun.-2023,00:53,Fechadura,SMARTLOCK,Lock State,LOCKED
06-jun.-2023,03:14,Fechadura,SMARTLOCK,Lock State,LOCKED
06-jun.-2023,05:50,Fechadura,SMARTLOCK,Lock State,LOCKED
07-jun.-2023,00:14,Fechadura,SMARTLOCK,Lock State,LOCKED
07-jun.-2023,02:28,Fechadura,SMARTLOCK,Lock State,LOCKED
07-jun.-2023,03:26,Fechadura,SMARTLOCK,Lock State,LOCKED
07-jun.-2023,04:30,Fechadura,SMARTLOCK,Lock State,LOCKED
07-jun.-2023,06:13,Fechadura,SMARTLOCK,Lock State,LOCKED
07-jun.-2023,07:41,Fechadura,SMARTLOCK,Lock State,LOCKED
07-jun.-2023,22:31,Fechadura,SMARTLOCK,Lock State,LOCKED
08-jun.-2023,07:15,Fechadura,SMARTLOCK,Lock State,LOCKED
08-jun.-2023,12:14,Fechadura,SMARTLOCK,Lock State,LOCKED
09-jun.-2023,00:40,Fechadura,SMARTLOCK,Lock State,LOCKED
09-jun.-2023,07:44,Fechadura,SMARTLOCK,Lock State,LOCKED
09-jun.-2023,19:31,Fechadura,SMARTLOCK,Lock State,LOCKED
09-jun.-2023,21:25,Fechadura,SMARTLOCK,Lock State,LOCKED
09-jun.-2023,23:05,Fechadura,SMARTLOCK,Lock State,LOCKED
10-jun.-2023,08:23,Fechadura,SMARTLOCK,Lock State,LOCKED
10-jun.-2023,15:31,Fechadura,SMARTLOCK,Lock State,LOCKED
10-jun.-2023,17:13,Fechadura,SMARTLOCK,Lock State,LOCKED
10-jun.-2023,18:30,Fechadura,SMARTLOCK,Lock State,LOCKED
10-jun.-2023,19:17,Fechadura,SMARTLOCK,Lock State,LOCKED
10-jun.-2023,21:36,Fechadura,SMARTLOCK,Lock State,LOCKED
10-jun.-2023,22:59,Fechadura,SMARTLOCK,Lock State,LOCKED
11-jun.-2023,08:31,Fechadura,SMARTLOCK,Lock State,LOCKED
11-jun.-2023,10:04,Fechadura,SMARTLOCK,Lock State,LOCKED
11-jun.-2023,11:16,Fechadura,SMARTLOCK,Lock State,LOCKED
11-jun.-2023,12:44,Fechadura,SMARTLOCK,Lock State,LOCKED
11-jun.-2023,20:29,Fechadura,SMARTLOCK,Lock State,LOCKED
11-jun.-2023,21:31,Fechadura,SMARTLOCK,Lock State,LOCKED
11-jun.-2023,22:54,Fechadura,SMARTLOCK,Lock State,LOCKED
11-jun.-2023,23:31,Fechadura,SMARTLOCK,Lock State,LOCKED
12-jun.-2023,02:07,Motion Sensor,MOTION_SENSOR,Endpoint Health,UNREACHABLE
12-jun.-2023,02:07,Motion Sensor,MOTION_SENSOR,Endpoint Health,OK
12-jun.-2023,03:23,Fechadura,SMARTLOCK,Lock State,LOCKED
12-jun.-2023,09:26,Fechadura,SMARTLOCK,Endpoint Health,UNREACHABLE
12-jun.-2023,09:26,Fechadura,SMARTLOCK,Endpoint Health,OK
12-jun.-2023,11:16,Fechadura,SMARTLOCK,Lock State,UNLOCKED
12-jun.-2023,10:00 AM - 12:00 PM,Motion Sensor,MOTION_SENSOR,Motion Detection,1
12-jun.-2023,11:16,Fechadura,SMARTLOCK,Lock State,LOCKED
12-jun.-2023,11:17,Fechadura,SMARTLOCK,Lock State,UNLOCKED
12-jun.-2023,11:18,Fechadura,SMARTLOCK,Lock State,LOCKED
12-jun.-2023,11:35,Motion Sensor,MOTION_SENSOR,Endpoint Health,UNREACHABLE
12-jun.-2023,11:36,Motion Sensor,MOTION_SENSOR,Endpoint Health,OK
12-jun.-2023,11:51,Motion Sensor,MOTION_SENSOR,Endpoint Health,UNREACHABLE
12-jun.-2023,11:52,Motion Sensor,MOTION_SENSOR,Endpoint Health,OK
12-jun.-2023,12:12,Fechadura,SMARTLOCK,Endpoint Health,UNREACHABLE
12-jun.-2023,12:12,Fechadura,SMARTLOCK,Endpoint Health,OK
12-jun.-2023,12:26,Fechadura,SMARTLOCK,Lock State,UNLOCKED
12-jun.-2023,12:44,Fechadura,SMARTLOCK,Lock State,UNLOCKED
12-jun.-2023,13:08,Fechadura,SMARTLOCK,Lock State,UNLOCKED
12-jun.-2023,13:08,Fechadura,SMARTLOCK,Lock State,LOCKED
12-jun.-2023,13:26,Fechadura,SMARTLOCK,Lock State,UNLOCKED
12-jun.-2023,13:29,Fechadura,SMARTLOCK,Lock State,UNLOCKED
12-jun.-2023,13:30,Fechadura,SMARTLOCK,Lock State,LOCKED
12-jun.-2023,13:33,Fechadura,SMARTLOCK,Lock State,UNLOCKED
12-jun.-2023,13:33,Fechadura,SMARTLOCK,Lock State,LOCKED
12-jun.-2023,13:40,Fechadura,SMARTLOCK,Lock State,UNLOCKED
12-jun.-2023,13:40,Fechadura,SMARTLOCK,Lock State,LOCKED
12-jun.-2023,13:43,Fechadura,SMARTLOCK,Lock State,LOCKED
12-jun.-2023,12:00 PM - 02:00 PM,Motion Sensor,MOTION_SENSOR,Motion Detection,9
12-jun.-2023,14:02,Fechadura,SMARTLOCK,Lock State,UNLOCKED
12-jun.-2023,14:02,Fechadura,SMARTLOCK,Lock State,LOCKED
12-jun.-2023,14:10,Motion Sensor,MOTION_SENSOR,Endpoint Health,UNREACHABLE
12-jun.-2023,14:10,Motion Sensor,MOTION_SENSOR,Endpoint Health,OK
12-jun.-2023,02:00 PM - 04:00 PM,Motion Sensor,MOTION_SENSOR,Motion Detection,3
12-jun.-2023,14:12,Fechadura,SMARTLOCK,Lock State,UNLOCKED
12-jun.-2023,14:12,Fechadura,SMARTLOCK,Lock State,LOCKED
12-jun.-2023,14:13,Motion Sensor,MOTION_SENSOR,Endpoint Health,UNREACHABLE
12-jun.-2023,14:17,Fechadura,SMARTLOCK,Endpoint Health,UNREACHABLE
13-jun.-2023,12:49,Fechadura,SMARTLOCK,Endpoint Health,OK
13-jun.-2023,12:53,Fechadura,SMARTLOCK,Endpoint Health,UNREACHABLE
13-jun.-2023,15:04,Fechadura,SMARTLOCK,Endpoint Health,OK
13-jun.-2023,15:04,Fechadura,SMARTLOCK,Lock State,UNLOCKED
13-jun.-2023,15:04,Motion Sensor,MOTION_SENSOR,Endpoint Health,OK
13-jun.-2023,15:09,Fechadura,SMARTLOCK,Lock State,LOCKED
13-jun.-2023,02:00 PM - 04:00 PM,Motion Sensor,MOTION_SENSOR,Motion Detection,6
14-jun.-2023,00:16,Fechadura,SMARTLOCK,Lock State,LOCKED
14-jun.-2023,01:39,Fechadura,SMARTLOCK,Lock State,LOCKED
14-jun.-2023,03:41,Fechadura,SMARTLOCK,Lock State,LOCKED
14-jun.-2023,05:06,Fechadura,SMARTLOCK,Lock State,LOCKED
14-jun.-2023,08:00 AM - 10:00 AM,Motion Sensor,MOTION_SENSOR,Motion Detection,1
14-jun.-2023,08:05,Fechadura,SMARTLOCK,Lock State,UNLOCKED
14-jun.-2023,14:15,Fechadura,SMARTLOCK,Lock State,UNLOCKED
14-jun.-2023,15:45,Fechadura,SMARTLOCK,Lock State,UNLOCKED
14-jun.-2023,02:00 PM - 04:00 PM,Motion Sensor,MOTION_SENSOR,Motion Detection,3
14-jun.-2023,15:51,Fechadura,SMARTLOCK,Lock State,UNLOCKED
14-jun.-2023,15:51,Fechadura,SMARTLOCK,Lock State,LOCKED
14-jun.-2023,16:08,Fechadura,SMARTLOCK,Lock State,LOCKED
14-jun.-2023,16:11,Fechadura,SMARTLOCK,Lock State,UNLOCKED
14-jun.-2023,16:25,Fechadura,SMARTLOCK,Lock State,UNLOCKED
14-jun.-2023,04:00 PM - 06:00 PM,Motion Sensor,MOTION_SENSOR,Motion Detection,4
14-jun.-2023,06:00 PM - 08:00 PM,Motion Sensor,MOTION_SENSOR,Motion Detection,2
15-jun.-2023,03:10,Fechadura,SMARTLOCK,Lock State,LOCKED
15-jun.-2023,03:53,Fechadura,SMARTLOCK,Lock State,LOCKED
15-jun.-2023,05:28,Fechadura,SMARTLOCK,Lock State,LOCKED
15-jun.-2023,07:54,Fechadura,SMARTLOCK,Lock State,LOCKED
15-jun.-2023,11:12,Fechadura,SMARTLOCK,Lock State,UNLOCKED
15-jun.-2023,11:13,Fechadura,SMARTLOCK,Lock State,LOCKED
15-jun.-2023,11:14,Fechadura,SMARTLOCK,Lock State,UNLOCKED
15-jun.-2023,11:14,Fechadura,SMARTLOCK,Lock State,LOCKED
15-jun.-2023,11:54,Fechadura,SMARTLOCK,Lock State,UNLOCKED
15-jun.-2023,11:54,Fechadura,SMARTLOCK,Lock State,LOCKED
15-jun.-2023,10:00 AM - 12:00 PM,Motion Sensor,MOTION_SENSOR,Motion Detection,4
15-jun.-2023,11:58,Fechadura,SMARTLOCK,Lock State,UNLOCKED
15-jun.-2023,11:58,Fechadura,SMARTLOCK,Lock State,LOCKED
15-jun.-2023,12:43,Fechadura,SMARTLOCK,Lock State,UNLOCKED
15-jun.-2023,12:43,Fechadura,SMARTLOCK,Lock State,LOCKED
15-jun.-2023,13:08,Fechadura,SMARTLOCK,Lock State,UNLOCKED
15-jun.-2023,13:08,Fechadura,SMARTLOCK,Lock State,LOCKED
15-jun.-2023,12:00 PM - 02:00 PM,Motion Sensor,MOTION_SENSOR,Motion Detection,9
15-jun.-2023,02:00 PM - 04:00 PM,Motion Sensor,MOTION_SENSOR,Motion Detection,7
15-jun.-2023,15:54,Fechadura,SMARTLOCK,Lock State,LOCKED
15-jun.-2023,16:10,Fechadura,SMARTLOCK,Lock State,UNLOCKED
15-jun.-2023,04:00 PM - 06:00 PM,Motion Sensor,MOTION_SENSOR,Motion Detection,8
15-jun.-2023,23:51,Fechadura,SMARTLOCK,Lock State,UNLOCKED
16-jun.-2023,01:13,Fechadura,SMARTLOCK,Lock State,UNLOCKED
16-jun.-2023,02:39,Fechadura,SMARTLOCK,Lock State,UNLOCKED
16-jun.-2023,08:00 AM - 10:00 AM,Motion Sensor,MOTION_SENSOR,Motion Detection,5
16-jun.-2023,10:00 AM - 12:00 PM,Motion Sensor,MOTION_SENSOR,Motion Detection,4
16-jun.-2023,12:00 PM - 02:00 PM,Motion Sensor,MOTION_SENSOR,Motion Detection,1
16-jun.-2023,13:39,Fechadura,SMARTLOCK,Lock State,LOCKED
16-jun.-2023,17:03,Fechadura,SMARTLOCK,Lock State,LOCKED
16-jun.-2023,04:00 PM - 06:00 PM,Motion Sensor,MOTION_SENSOR,Motion Detection,5
16-jun.-2023,17:53,Motion Sensor,MOTION_SENSOR,Endpoint Health,UNREACHABLE
17-jun.-2023,00:39,Fechadura,SMARTLOCK,Endpoint Health,UNREACHABLE
19-jun.-2023,13:38,Fechadura,SMARTLOCK,Endpoint Health,OK
19-jun.-2023,13:38,Fechadura,SMARTLOCK,Lock State,UNLOCKED
19-jun.-2023,13:40,Motion Sensor,MOTION_SENSOR,Endpoint Health,OK
19-jun.-2023,12:00 PM - 02:00 PM,Motion Sensor,MOTION_SENSOR,Motion Detection,1
19-jun.-2023,14:02,Fechadura,SMARTLOCK,Lock State,UNLOCKED
19-jun.-2023,15:14,Fechadura,SMARTLOCK,Lock State,UNLOCKED
19-jun.-2023,02:00 PM - 04:00 PM,Motion Sensor,MOTION_SENSOR,Motion Detection,8
19-jun.-2023,16:59,Fechadura,SMARTLOCK,Lock State,UNLOCKED
19-jun.-2023,04:00 PM - 06:00 PM,Motion Sensor,MOTION_SENSOR,Motion Detection,4
19-jun.-2023,18:48,Fechadura,SMARTLOCK,Lock State,UNLOCKED
19-jun.-2023,21:31,Fechadura,SMARTLOCK,Lock State,UNLOCKED
20-jun.-2023,09:42,Fechadura,SMARTLOCK,Lock State,UNLOCKED
20-jun.-2023,08:00 AM - 10:00 AM,Motion Sensor,MOTION_SENSOR,Motion Detection,1
20-jun.-2023,10:00 AM - 12:00 PM,Motion Sensor,MOTION_SENSOR,Motion Detection,1
20-jun.-2023,12:29,Fechadura,SMARTLOCK,Lock State,LOCKED
21-jun.-2023,08:42,Fechadura,SMARTLOCK,Lock State,LOCKED
21-jun.-2023,15:06,Fechadura,SMARTLOCK,Lock State,LOCKED
22-jun.-2023,10:03,Fechadura,SMARTLOCK,Lock State,LOCKED
22-jun.-2023,10:25,Fechadura,SMARTLOCK,Lock State,LOCKED
22-jun.-2023,11:32,Fechadura,SMARTLOCK,Lock State,LOCKED
22-jun.-2023,10:00 AM - 12:00 PM,Motion Sensor,MOTION_SENSOR,Motion Detection,12
22-jun.-2023,13:49,Fechadura,SMARTLOCK,Lock State,LOCKED
22-jun.-2023,12:00 PM - 02:00 PM,Motion Sensor,MOTION_SENSOR,Motion Detection,9
22-jun.-2023,02:00 PM - 04:00 PM,Motion Sensor,MOTION_SENSOR,Motion Detection,8
22-jun.-2023,15:33,Fechadura,SMARTLOCK,Lock State,LOCKED
22-jun.-2023,16:13,Fechadura,SMARTLOCK,Lock State,LOCKED
22-jun.-2023,16:43,Fechadura,SMARTLOCK,Lock State,LOCKED
22-jun.-2023,04:00 PM - 06:00 PM,Motion Sensor,MOTION_SENSOR,Motion Detection,8
23-jun.-2023,12:00 PM - 02:00 PM,Motion Sensor,MOTION_SENSOR,Motion Detection,1
23-jun.-2023,13:04,Fechadura,SMARTLOCK,Lock State,LOCKED
23-jun.-2023,02:00 PM - 04:00 PM,Motion Sensor,MOTION_SENSOR,Motion Detection,2
23-jun.-2023,15:46,Fechadura,SMARTLOCK,Lock State,LOCKED
23-jun.-2023,16:58,Fechadura,SMARTLOCK,Lock State,LOCKED
23-jun.-2023,04:00 PM - 06:00 PM,Motion Sensor,MOTION_SENSOR,Motion Detection,1
25-jun.-2023,10:25,Fechadura,SMARTLOCK,Lock State,LOCKED
26-jun.-2023,13:13,Fechadura,SMARTLOCK,Lock State,LOCKED
26-jun.-2023,13:49,Fechadura,SMARTLOCK,Lock State,LOCKED
26-jun.-2023,12:00 PM - 02:00 PM,Motion Sensor,MOTION_SENSOR,Motion Detection,5
26-jun.-2023,14:44,Fechadura,SMARTLOCK,Lock State,LOCKED
26-jun.-2023,14:46,Fechadura,SMARTLOCK,Lock State,UNLOCKED
26-jun.-2023,02:00 PM - 04:00 PM,Motion Sensor,MOTION_SENSOR,Motion Detection,4
26-jun.-2023,16:07,Fechadura,SMARTLOCK,Lock State,LOCKED
26-jun.-2023,04:00 PM - 06:00 PM,Motion Sensor,MOTION_SENSOR,Motion Detection,3
26-jun.-2023,06:00 PM - 08:00 PM,Motion Sensor,MOTION_SENSOR,Motion Detection,1
26-jun.-2023,18:04,Fechadura,SMARTLOCK,Lock State,LOCKED
27-jun.-2023,02:38,Fechadura,SMARTLOCK,Lock State,LOCKED
27-jun.-2023,10:36,Fechadura,SMARTLOCK,Lock State,LOCKED
27-jun.-2023,10:00 AM - 12:00 PM,Motion Sensor,MOTION_SENSOR,Motion Detection,3
27-jun.-2023,11:43,Fechadura,SMARTLOCK,Lock State,LOCKED
27-jun.-2023,12:00 PM - 02:00 PM,Motion Sensor,MOTION_SENSOR,Motion Detection,1
27-jun.-2023,12:11,Fechadura,SMARTLOCK,Lock State,LOCKED
29-jun.-2023,02:39,Fechadura,SMARTLOCK,Lock State,LOCKED
29-jun.-2023,10:36,Fechadura,SMARTLOCK,Lock State,LOCKED
29-jun.-2023,10:00 AM - 12:00 PM,Motion Sensor,MOTION_SENSOR,Motion Detection,3
29-jun.-2023,12:10,Fechadura,SMARTLOCK,Lock State,LOCKED
29-jun.-2023,12:00 PM - 02:00 PM,Motion Sensor,MOTION_SENSOR,Motion Detection,8
29-jun.-2023,02:00 PM - 04:00 PM,Motion Sensor,MOTION_SENSOR,Motion Detection,5
29-jun.-2023,16:28,Fechadura,SMARTLOCK,Lock State,LOCKED
29-jun.-2023,04:00 PM - 06:00 PM,Motion Sensor,MOTION_SENSOR,Motion Detection,3
04-jul.-2023,10:34,Fechadura,SMARTLOCK,Lock State,LOCKED
04-jul.-2023,11:22,Fechadura,SMARTLOCK,Lock State,LOCKED
04-jul.-2023,10:00 AM - 12:00 PM,Motion Sensor,MOTION_SENSOR,Motion Detection,3
04-jul.-2023,12:00 PM - 02:00 PM,Motion Sensor,MOTION_SENSOR,Motion Detection,1
05-jul.-2023,23:22,Fechadura,SMARTLOCK,Endpoint Health,OK
05-jul.-2023,23:25,Motion Sensor,MOTION_SENSOR,Endpoint Health,UNREACHABLE
05-jul.-2023,23:25,Motion Sensor,MOTION_SENSOR,Endpoint Health,OK
06-jul.-2023,00:12,Fechadura,SMARTLOCK,Endpoint Health,OK
06-jul.-2023,10:18,Fechadura,SMARTLOCK,Lock State,LOCKED
06-jul.-2023,11:20,Fechadura,SMARTLOCK,Lock State,LOCKED
06-jul.-2023,10:00 AM - 12:00 PM,Motion Sensor,MOTION_SENSOR,Motion Detection,16
06-jul.-2023,12:50,Fechadura,SMARTLOCK,Lock State,LOCKED
06-jul.-2023,12:00 PM - 02:00 PM,Motion Sensor,MOTION_SENSOR,Motion Detection,8
06-jul.-2023,14:02,Fechadura,SMARTLOCK,Lock State,LOCKED
06-jul.-2023,02:00 PM - 04:00 PM,Motion Sensor,MOTION_SENSOR,Motion Detection,4
06-jul.-2023,15:06,Fechadura,SMARTLOCK,Lock State,LOCKED
08-jul.-2023,17:50,Motion Sensor,MOTION_SENSOR,Endpoint Health,UNREACHABLE
08-jul.-2023,17:52,Fechadura,SMARTLOCK,Endpoint Health,UNREACHABLE
10-jul.-2023,13:44,Motion Sensor,MOTION_SENSOR,Endpoint Health,OK
10-jul.-2023,13:44,Fechadura,SMARTLOCK,Endpoint Health,OK
10-jul.-2023,13:44,Fechadura,SMARTLOCK,Lock State,LOCKED
10-jul.-2023,12:00 PM - 02:00 PM,Motion Sensor,MOTION_SENSOR,Motion Detection,3
10-jul.-2023,02:00 PM - 04:00 PM,Motion Sensor,MOTION_SENSOR,Motion Detection,5
10-jul.-2023,16:21,Fechadura,SMARTLOCK,Lock State,LOCKED
10-jul.-2023,04:00 PM - 06:00 PM,Motion Sensor,MOTION_SENSOR,Motion Detection,4
10-jul.-2023,23:15,Motion Sensor,MOTION_SENSOR,Endpoint Health,UNREACHABLE
10-jul.-2023,23:15,Fechadura,SMARTLOCK,Endpoint Health,UNREACHABLE
10-jul.-2023,23:17,Fechadura,SMARTLOCK,Endpoint Health,OK
10-jul.-2023,23:21,Fechadura,SMARTLOCK,Endpoint Health,UNREACHABLE
10-jul.-2023,23:21,Fechadura,SMARTLOCK,Endpoint Health,OK
10-jul.-2023,23:21,Motion Sensor,MOTION_SENSOR,Endpoint Health,OK
11-jul.-2023,10:57,Fechadura,SMARTLOCK,Lock State,LOCKED
11-jul.-2023,11:47,Fechadura,SMARTLOCK,Lock State,LOCKED
11-jul.-2023,10:00 AM - 12:00 PM,Motion Sensor,MOTION_SENSOR,Motion Detection,6
11-jul.-2023,12:00 PM - 02:00 PM,Motion Sensor,MOTION_SENSOR,Motion Detection,1
12-jul.-2023,08:00 AM - 10:00 AM,Motion Sensor,MOTION_SENSOR,Motion Detection,1
12-jul.-2023,09:19,Fechadura,SMARTLOCK,Lock State,LOCKED
12-jul.-2023,10:31,Fechadura,SMARTLOCK,Lock State,LOCKED
12-jul.-2023,13:05,Fechadura,SMARTLOCK,Lock State,LOCKED
12-jul.-2023,15:35,Fechadura,SMARTLOCK,Lock State,LOCKED
12-jul.-2023,04:00 PM - 06:00 PM,Motion Sensor,MOTION_SENSOR,Motion Detection,1
14-jul.-2023,02:11,Fechadura,SMARTLOCK,Endpoint Health,UNREACHABLE
14-jul.-2023,02:12,Fechadura,SMARTLOCK,Endpoint Health,OK
14-jul.-2023,02:44,Fechadura,SMARTLOCK,Endpoint Health,UNREACHABLE
14-jul.-2023,02:44,Fechadura,SMARTLOCK,Endpoint Health,OK
15-jul.-2023,07:15,Motion Sensor,MOTION_SENSOR,Endpoint Health,UNREACHABLE
15-jul.-2023,07:16,Motion Sensor,MOTION_SENSOR,Endpoint Health,OK
17-jul.-2023,13:22,Fechadura,SMARTLOCK,Lock State,LOCKED
17-jul.-2023,12:00 PM - 02:00 PM,Motion Sensor,MOTION_SENSOR,Motion Detection,6
17-jul.-2023,02:00 PM - 04:00 PM,Motion Sensor,MOTION_SENSOR,Motion Detection,5
17-jul.-2023,15:50,Fechadura,SMARTLOCK,Lock State,LOCKED
17-jul.-2023,04:00 PM - 06:00 PM,Motion Sensor,MOTION_SENSOR,Motion Detection,1
19-jul.-2023,13:57,Motion Sensor,MOTION_SENSOR,Endpoint Health,UNREACHABLE
19-jul.-2023,13:59,Fechadura,SMARTLOCK,Endpoint Health,UNREACHABLE
20-jul.-2023,11:16,Fechadura,SMARTLOCK,Endpoint Health,OK
20-jul.-2023,11:19,Fechadura,SMARTLOCK,Endpoint Health,UNREACHABLE
27-jul.-2023,10:52,Motion Sensor,MOTION_SENSOR,Endpoint Health,OK
27-jul.-2023,10:52,Fechadura,SMARTLOCK,Endpoint Health,OK
27-jul.-2023,10:52,Fechadura,SMARTLOCK,Lock State,LOCKED
27-jul.-2023,10:00 AM - 12:00 PM,Motion Sensor,MOTION_SENSOR,Motion Detection,2
27-jul.-2023,13:04,Fechadura,SMARTLOCK,Lock State,LOCKED
27-jul.-2023,12:00 PM - 02:00 PM,Motion Sensor,MOTION_SENSOR,Motion Detection,9
27-jul.-2023,15:15,Fechadura,SMARTLOCK,Lock State,LOCKED
27-jul.-2023,02:00 PM - 04:00 PM,Motion Sensor,MOTION_SENSOR,Motion Detection,5
31-jul.-2023,14:32,Fechadura,SMARTLOCK,Lock State,LOCKED
31-jul.-2023,02:00 PM - 04:00 PM,Motion Sensor,MOTION_SENSOR,Motion Detection,2
31-jul.-2023,04:00 PM - 06:00 PM,Motion Sensor,MOTION_SENSOR,Motion Detection,1
31-jul.-2023,16:16,Fechadura,SMARTLOCK,Lock State,LOCKED
01-Aug-2023,10:58,Fechadura,SMARTLOCK,Lock State,LOCKED
01-Aug-2023,10:00 AM - 12:00 PM,Motion Sensor,MOTION_SENSOR,Motion Detection,7
01-Aug-2023,12:12,Fechadura,SMARTLOCK,Lock State,UNLOCKED
01-Aug-2023,13:13,Fechadura,SMARTLOCK,Lock State,UNLOCKED
01-Aug-2023,12:00 PM - 02:00 PM,Motion Sensor,MOTION_SENSOR,Motion Detection,7
01-Aug-2023,15:08,Fechadura,SMARTLOCK,Lock State,UNLOCKED
01-Aug-2023,02:00 PM - 04:00 PM,Motion Sensor,MOTION_SENSOR,Motion Detection,10
01-Aug-2023,04:00 PM - 06:00 PM,Motion Sensor,MOTION_SENSOR,Motion Detection,1
01-Aug-2023,17:51,Fechadura,SMARTLOCK,Lock State,LOCKED
01-Aug-2023,06:00 PM - 08:00 PM,Motion Sensor,MOTION_SENSOR,Motion Detection,1
01-Aug-2023,18:51,Fechadura,SMARTLOCK,Lock State,LOCKED
02-Aug-2023,13:17,Fechadura,SMARTLOCK,Lock State,LOCKED
02-Aug-2023,12:00 PM - 02:00 PM,Motion Sensor,MOTION_SENSOR,Motion Detection,2
02-Aug-2023,14:15,Fechadura,SMARTLOCK,Lock State,LOCKED
02-Aug-2023,02:00 PM - 04:00 PM,Motion Sensor,MOTION_SENSOR,Motion Detection,6
02-Aug-2023,14:58,Fechadura,SMARTLOCK,Lock State,UNLOCKED
02-Aug-2023,16:08,Fechadura,SMARTLOCK,Lock State,UNLOCKED
02-Aug-2023,16:49,Fechadura,SMARTLOCK,Lock State,UNLOCKED
02-Aug-2023,04:00 PM - 06:00 PM,Motion Sensor,MOTION_SENSOR,Motion Detection,5
03-Aug-2023,10:41,Fechadura,SMARTLOCK,Lock State,UNLOCKED
03-Aug-2023,10:00 AM - 12:00 PM,Motion Sensor,MOTION_SENSOR,Motion Detection,4
03-Aug-2023,12:13,Fechadura,SMARTLOCK,Lock State,UNLOCKED
03-Aug-2023,13:16,Fechadura,SMARTLOCK,Lock State,LOCKED
03-Aug-2023,13:51,Fechadura,SMARTLOCK,Lock State,LOCKED
03-Aug-2023,12:00 PM - 02:00 PM,Motion Sensor,MOTION_SENSOR,Motion Detection,10
03-Aug-2023,15:03,Fechadura,SMARTLOCK,Lock State,LOCKED
03-Aug-2023,02:00 PM - 04:00 PM,Motion Sensor,MOTION_SENSOR,Motion Detection,7
03-Aug-2023,16:00,Fechadura,SMARTLOCK,Lock State,LOCKED
03-Aug-2023,16:55,Fechadura,SMARTLOCK,Lock State,UNLOCKED
03-Aug-2023,04:00 PM - 06:00 PM,Motion Sensor,MOTION_SENSOR,Motion Detection,9
03-Aug-2023,06:00 PM - 08:00 PM,Motion Sensor,MOTION_SENSOR,Motion Detection,3
03-Aug-2023,19:04,Fechadura,SMARTLOCK,Lock State,UNLOCKED
04-Aug-2023,08:00 AM - 10:00 AM,Motion Sensor,MOTION_SENSOR,Motion Detection,1
04-Aug-2023,08:43,Fechadura,SMARTLOCK,Lock State,UNLOCKED
04-Aug-2023,19:14,Fechadura,SMARTLOCK,Lock State,UNLOCKED
04-Aug-2023,06:00 PM - 08:00 PM,Motion Sensor,MOTION_SENSOR,Motion Detection,2
04-Aug-2023,10:00 PM - 12:00 AM,Motion Sensor,MOTION_SENSOR,Motion Detection,1
05-Aug-2023,00:13,Motion Sensor,MOTION_SENSOR,Endpoint Health,UNREACHABLE
05-Aug-2023,00:16,Fechadura,SMARTLOCK,Endpoint Health,UNREACHABLE
07-Aug-2023,14:18,Motion Sensor,MOTION_SENSOR,Endpoint Health,OK
07-Aug-2023,14:18,Fechadura,SMARTLOCK,Endpoint Health,OK
07-Aug-2023,14:18,Fechadura,SMARTLOCK,Lock State,LOCKED
07-Aug-2023,14:20,Fechadura,SMARTLOCK,Endpoint Health,OK
07-Aug-2023,02:00 PM - 04:00 PM,Motion Sensor,MOTION_SENSOR,Motion Detection,6
07-Aug-2023,16:26,Fechadura,SMARTLOCK,Lock State,LOCKED
